timestamp,user_id,img_id,label,guess
20231124_144500,2988a436-d081-4dcf-b8e3-67e1b60ca931,2246842352113142,queens,queens
20231124_144503,2988a436-d081-4dcf-b8e3-67e1b60ca931,419723621199216,bronx,brooklyn
20231124_144508,2988a436-d081-4dcf-b8e3-67e1b60ca931,365967006594992,brooklyn,bronx
20231124_144513,2988a436-d081-4dcf-b8e3-67e1b60ca931,13824122226053,queens,queens
20231124_144520,2988a436-d081-4dcf-b8e3-67e1b60ca931,557202832476989,queens,staten_island
20231124_144522,2988a436-d081-4dcf-b8e3-67e1b60ca931,307510780907645,bronx,staten_island
20231124_144525,2988a436-d081-4dcf-b8e3-67e1b60ca931,732201484918596,brooklyn,brooklyn
20231124_144529,2988a436-d081-4dcf-b8e3-67e1b60ca931,4119135854815991,staten_island,brooklyn
20231124_144537,2988a436-d081-4dcf-b8e3-67e1b60ca931,842950833231773,queens,queens
20231124_144547,2988a436-d081-4dcf-b8e3-67e1b60ca931,751948085473727,queens,queens
20231124_144550,2988a436-d081-4dcf-b8e3-67e1b60ca931,864764273302110,bronx,queens
20231124_144554,2988a436-d081-4dcf-b8e3-67e1b60ca931,763969997201897,staten_island,brooklyn
20231124_144555,2988a436-d081-4dcf-b8e3-67e1b60ca931,858669371605582,queens,brooklyn
20231124_144559,2988a436-d081-4dcf-b8e3-67e1b60ca931,959476761461235,manhattan,manhattan
20231124_144604,2988a436-d081-4dcf-b8e3-67e1b60ca931,750033103116501,queens,queens
20231124_144609,2988a436-d081-4dcf-b8e3-67e1b60ca931,490008149087084,brooklyn,queens
20231124_144619,2988a436-d081-4dcf-b8e3-67e1b60ca931,415928224181942,queens,bronx
20231124_144621,2988a436-d081-4dcf-b8e3-67e1b60ca931,528350198165106,manhattan,manhattan
20231124_144624,2988a436-d081-4dcf-b8e3-67e1b60ca931,2874633422779571,bronx,queens
20231124_144627,2988a436-d081-4dcf-b8e3-67e1b60ca931,3899794353444626,queens,staten_island
20231124_144632,2988a436-d081-4dcf-b8e3-67e1b60ca931,394256337982552,brooklyn,queens
20231124_144635,2988a436-d081-4dcf-b8e3-67e1b60ca931,998845153273101,brooklyn,queens
20231124_144639,2988a436-d081-4dcf-b8e3-67e1b60ca931,2871281946420139,queens,queens
20231124_144641,2988a436-d081-4dcf-b8e3-67e1b60ca931,1387253628328212,queens,queens
20231124_144644,2988a436-d081-4dcf-b8e3-67e1b60ca931,819442520931763,queens,brooklyn
20231124_144648,2988a436-d081-4dcf-b8e3-67e1b60ca931,719807105500137,queens,brooklyn
20231124_144658,2988a436-d081-4dcf-b8e3-67e1b60ca931,769110227077183,queens,staten_island
20231124_144701,2988a436-d081-4dcf-b8e3-67e1b60ca931,1400197227015114,queens,queens
20231124_144705,2988a436-d081-4dcf-b8e3-67e1b60ca931,2847255862194790,staten_island,brooklyn
20231124_144708,2988a436-d081-4dcf-b8e3-67e1b60ca931,170611097212386,queens,queens
20231124_144710,2988a436-d081-4dcf-b8e3-67e1b60ca931,574950663524501,manhattan,manhattan
20231124_144713,2988a436-d081-4dcf-b8e3-67e1b60ca931,690401934241187,staten_island,queens
20231124_144715,2988a436-d081-4dcf-b8e3-67e1b60ca931,1431164433894730,manhattan,manhattan
20231124_144716,2988a436-d081-4dcf-b8e3-67e1b60ca931,856539308298001,staten_island,queens
20231124_144720,2988a436-d081-4dcf-b8e3-67e1b60ca931,426894814613438,brooklyn,brooklyn
20231124_144724,2988a436-d081-4dcf-b8e3-67e1b60ca931,7534149349591,brooklyn,brooklyn
20231124_144728,2988a436-d081-4dcf-b8e3-67e1b60ca931,1233845060386769,staten_island,queens
20231124_144734,2988a436-d081-4dcf-b8e3-67e1b60ca931,796491581058075,queens,queens
20231124_144736,2988a436-d081-4dcf-b8e3-67e1b60ca931,969536400450269,brooklyn,manhattan
20231124_144741,2988a436-d081-4dcf-b8e3-67e1b60ca931,942231026593367,queens,brooklyn
20231124_144744,2988a436-d081-4dcf-b8e3-67e1b60ca931,636762627953733,brooklyn,queens
20231124_144751,2988a436-d081-4dcf-b8e3-67e1b60ca931,727845865490619,queens,queens
20231124_144752,2988a436-d081-4dcf-b8e3-67e1b60ca931,1302864550115298,manhattan,manhattan
20231124_144756,2988a436-d081-4dcf-b8e3-67e1b60ca931,522871538438708,brooklyn,brooklyn
20231124_144810,2988a436-d081-4dcf-b8e3-67e1b60ca931,2953794561533263,queens,queens
20231124_144813,2988a436-d081-4dcf-b8e3-67e1b60ca931,184695588433311,brooklyn,queens
20231124_144815,2988a436-d081-4dcf-b8e3-67e1b60ca931,980881939414810,manhattan,manhattan
20231124_144818,2988a436-d081-4dcf-b8e3-67e1b60ca931,959407513933857,brooklyn,queens
20231124_144822,2988a436-d081-4dcf-b8e3-67e1b60ca931,800930470727464,staten_island,queens
20231124_144823,2988a436-d081-4dcf-b8e3-67e1b60ca931,258677944078688,queens,queens
20231124_144828,2988a436-d081-4dcf-b8e3-67e1b60ca931,1364568140588874,queens,brooklyn
20231124_144831,2988a436-d081-4dcf-b8e3-67e1b60ca931,993227523193489,brooklyn,brooklyn
20231124_144837,2988a436-d081-4dcf-b8e3-67e1b60ca931,1478770242499269,bronx,brooklyn
20231124_144840,2988a436-d081-4dcf-b8e3-67e1b60ca931,641263301220398,staten_island,queens
20231124_144842,2988a436-d081-4dcf-b8e3-67e1b60ca931,631126758908013,manhattan,manhattan
20231124_145218,da17b583-e783-4496-801d-3eef02cb62ed,232117098714809,staten_island,queens
20231124_145228,da17b583-e783-4496-801d-3eef02cb62ed,2188440344629750,queens,queens
20231124_145236,da17b583-e783-4496-801d-3eef02cb62ed,976212178353007,staten_island,queens
20231124_145241,da17b583-e783-4496-801d-3eef02cb62ed,949405765908171,queens,queens
20231124_145251,da17b583-e783-4496-801d-3eef02cb62ed,890715245282009,queens,staten_island
20231124_145259,da17b583-e783-4496-801d-3eef02cb62ed,378608116303442,queens,queens
20231124_145301,da17b583-e783-4496-801d-3eef02cb62ed,308794429637843,queens,queens
20231124_145308,da17b583-e783-4496-801d-3eef02cb62ed,1253707731740864,manhattan,manhattan
20231124_145310,da17b583-e783-4496-801d-3eef02cb62ed,567060727608562,manhattan,manhattan
20231124_145313,da17b583-e783-4496-801d-3eef02cb62ed,321883999286906,queens,queens
20231124_145315,da17b583-e783-4496-801d-3eef02cb62ed,2882608521962106,queens,queens
20231124_145320,da17b583-e783-4496-801d-3eef02cb62ed,989562855468927,brooklyn,brooklyn
20231124_145324,da17b583-e783-4496-801d-3eef02cb62ed,300992567639317,brooklyn,manhattan
20231124_145328,da17b583-e783-4496-801d-3eef02cb62ed,290181504473668,queens,queens
20231124_145335,da17b583-e783-4496-801d-3eef02cb62ed,494932305263501,bronx,brooklyn
20231124_145339,da17b583-e783-4496-801d-3eef02cb62ed,763422864537789,bronx,staten_island
20231124_145346,da17b583-e783-4496-801d-3eef02cb62ed,312628883575224,queens,queens
20231124_145349,da17b583-e783-4496-801d-3eef02cb62ed,1180363399067454,brooklyn,queens
20231124_145355,da17b583-e783-4496-801d-3eef02cb62ed,805483277859611,staten_island,queens
20231124_145358,da17b583-e783-4496-801d-3eef02cb62ed,2561351154170328,manhattan,manhattan
20231124_145400,da17b583-e783-4496-801d-3eef02cb62ed,972534814532288,queens,queens
20231124_145405,da17b583-e783-4496-801d-3eef02cb62ed,1385389188501309,queens,brooklyn
20231124_145409,da17b583-e783-4496-801d-3eef02cb62ed,321311952756789,brooklyn,manhattan
20231124_145415,da17b583-e783-4496-801d-3eef02cb62ed,492761642526950,brooklyn,manhattan
20231124_145448,da17b583-e783-4496-801d-3eef02cb62ed,1400096387022029,bronx,queens
20231124_145451,da17b583-e783-4496-801d-3eef02cb62ed,915625032346206,manhattan,manhattan
20231124_145456,da17b583-e783-4496-801d-3eef02cb62ed,4011449025634901,queens,queens
20231124_145500,da17b583-e783-4496-801d-3eef02cb62ed,257192146432864,queens,queens
20231124_145502,da17b583-e783-4496-801d-3eef02cb62ed,835191389654876,staten_island,queens
20231124_145507,da17b583-e783-4496-801d-3eef02cb62ed,203546591610596,manhattan,brooklyn
20231124_145515,da17b583-e783-4496-801d-3eef02cb62ed,486840199201307,manhattan,manhattan
20231124_145525,da17b583-e783-4496-801d-3eef02cb62ed,429710336784751,staten_island,staten_island
20231124_145539,da17b583-e783-4496-801d-3eef02cb62ed,48110305720229,queens,queens
20231124_145544,da17b583-e783-4496-801d-3eef02cb62ed,295038248836865,brooklyn,queens
20231124_145602,da17b583-e783-4496-801d-3eef02cb62ed,538214126467858,brooklyn,manhattan
20231124_145608,da17b583-e783-4496-801d-3eef02cb62ed,137133058455322,brooklyn,queens
20231124_145617,da17b583-e783-4496-801d-3eef02cb62ed,512227943130482,brooklyn,brooklyn
20231124_145627,da17b583-e783-4496-801d-3eef02cb62ed,30429404240216,manhattan,manhattan
20231124_145648,da17b583-e783-4496-801d-3eef02cb62ed,57576526640233,queens,queens
20231124_145706,da17b583-e783-4496-801d-3eef02cb62ed,1188683978264927,staten_island,staten_island
20231124_145732,da17b583-e783-4496-801d-3eef02cb62ed,69785471777188,brooklyn,queens
20231124_145740,da17b583-e783-4496-801d-3eef02cb62ed,1048531822338121,queens,brooklyn
20231124_145744,da17b583-e783-4496-801d-3eef02cb62ed,316585366506116,bronx,queens
20231124_145750,da17b583-e783-4496-801d-3eef02cb62ed,318123786384641,queens,queens
20231124_145804,3c035e85-9671-494e-ad34-e4810ee97700,118327510292609,queens,staten_island
20231124_145808,3c035e85-9671-494e-ad34-e4810ee97700,522571322258360,manhattan,manhattan
20231124_145811,3c035e85-9671-494e-ad34-e4810ee97700,1971882676310902,manhattan,queens
20231124_145812,da17b583-e783-4496-801d-3eef02cb62ed,512793344808963,manhattan,brooklyn
20231124_145818,3c035e85-9671-494e-ad34-e4810ee97700,32395818936697,queens,manhattan
20231124_145820,da17b583-e783-4496-801d-3eef02cb62ed,2318409324970273,manhattan,manhattan
20231124_145822,3c035e85-9671-494e-ad34-e4810ee97700,510902050101790,brooklyn,brooklyn
20231124_145825,3c035e85-9671-494e-ad34-e4810ee97700,308574860138859,queens,staten_island
20231124_145829,3c035e85-9671-494e-ad34-e4810ee97700,327141473661195,brooklyn,brooklyn
20231124_145832,3c035e85-9671-494e-ad34-e4810ee97700,3738084659648312,staten_island,staten_island
20231124_145833,3c035e85-9671-494e-ad34-e4810ee97700,2179058545559134,brooklyn,staten_island
20231124_145834,3c035e85-9671-494e-ad34-e4810ee97700,503479154141892,queens,staten_island
20231124_145834,3c035e85-9671-494e-ad34-e4810ee97700,677464256631162,staten_island,staten_island
20231124_145835,3c035e85-9671-494e-ad34-e4810ee97700,575539144521183,queens,staten_island
20231124_145836,3c035e85-9671-494e-ad34-e4810ee97700,870620036027839,queens,staten_island
20231124_145836,3c035e85-9671-494e-ad34-e4810ee97700,414842393829421,brooklyn,staten_island
20231124_145836,da17b583-e783-4496-801d-3eef02cb62ed,159859609487760,queens,queens
20231124_145837,3c035e85-9671-494e-ad34-e4810ee97700,294110265701322,queens,staten_island
20231124_145837,3c035e85-9671-494e-ad34-e4810ee97700,304154198008900,queens,staten_island
20231124_145838,3c035e85-9671-494e-ad34-e4810ee97700,975744099863629,queens,staten_island
20231124_145838,3c035e85-9671-494e-ad34-e4810ee97700,184695588433311,brooklyn,staten_island
20231124_145839,3c035e85-9671-494e-ad34-e4810ee97700,220849749513042,queens,staten_island
20231124_145840,3c035e85-9671-494e-ad34-e4810ee97700,2977404449249724,queens,staten_island
20231124_145856,3c035e85-9671-494e-ad34-e4810ee97700,867793583589417,staten_island,staten_island
20231124_145857,3c035e85-9671-494e-ad34-e4810ee97700,2856685117913393,queens,staten_island
20231124_145858,3c035e85-9671-494e-ad34-e4810ee97700,311689110513333,brooklyn,staten_island
20231124_145859,3c035e85-9671-494e-ad34-e4810ee97700,1142878362881158,queens,staten_island
20231124_145900,3c035e85-9671-494e-ad34-e4810ee97700,918559618987413,brooklyn,staten_island
20231124_145900,da17b583-e783-4496-801d-3eef02cb62ed,626861653108851,brooklyn,brooklyn
20231124_145901,3c035e85-9671-494e-ad34-e4810ee97700,1443682112752174,manhattan,staten_island
20231124_145902,3c035e85-9671-494e-ad34-e4810ee97700,582551386490951,queens,staten_island
20231124_145903,3c035e85-9671-494e-ad34-e4810ee97700,401221880779020,bronx,staten_island
20231124_145904,3c035e85-9671-494e-ad34-e4810ee97700,2966101420334828,queens,staten_island
20231124_145905,3c035e85-9671-494e-ad34-e4810ee97700,509100458119843,bronx,manhattan
20231124_145906,3c035e85-9671-494e-ad34-e4810ee97700,304416771259419,queens,manhattan
20231124_145907,3c035e85-9671-494e-ad34-e4810ee97700,319613926195524,queens,manhattan
20231124_145908,3c035e85-9671-494e-ad34-e4810ee97700,1584336718622343,brooklyn,manhattan
20231124_145909,3c035e85-9671-494e-ad34-e4810ee97700,513846856418302,manhattan,manhattan
20231124_145909,3c035e85-9671-494e-ad34-e4810ee97700,845156276347163,brooklyn,manhattan
20231124_145915,da17b583-e783-4496-801d-3eef02cb62ed,669206874998907,brooklyn,queens
20231124_145934,da17b583-e783-4496-801d-3eef02cb62ed,203332605110947,brooklyn,brooklyn
20231124_150328,290fc416-68ac-4fbb-882e-db1b2fabd741,529661308442220,queens,queens
20231124_150336,290fc416-68ac-4fbb-882e-db1b2fabd741,506665770474947,brooklyn,brooklyn
20231124_150344,290fc416-68ac-4fbb-882e-db1b2fabd741,457384239627349,queens,brooklyn
20231124_150353,290fc416-68ac-4fbb-882e-db1b2fabd741,1642229802629294,queens,queens
20231124_150358,290fc416-68ac-4fbb-882e-db1b2fabd741,949601802508429,queens,queens
20231124_150401,290fc416-68ac-4fbb-882e-db1b2fabd741,312399080592617,brooklyn,manhattan
20231124_150404,290fc416-68ac-4fbb-882e-db1b2fabd741,195278499089420,queens,queens
20231124_150408,290fc416-68ac-4fbb-882e-db1b2fabd741,23050417155051,brooklyn,brooklyn
20231124_150411,290fc416-68ac-4fbb-882e-db1b2fabd741,10196500597122,bronx,queens
20231124_150415,290fc416-68ac-4fbb-882e-db1b2fabd741,329743176821458,bronx,bronx
20231124_150604,290fc416-68ac-4fbb-882e-db1b2fabd741,2781045288775476,staten_island,staten_island
20231124_150608,290fc416-68ac-4fbb-882e-db1b2fabd741,133043375858419,queens,queens
20231124_150611,290fc416-68ac-4fbb-882e-db1b2fabd741,211159513997738,queens,queens
20231124_150616,290fc416-68ac-4fbb-882e-db1b2fabd741,2951713348451387,queens,queens
20231124_150623,290fc416-68ac-4fbb-882e-db1b2fabd741,464221687994370,queens,queens
20231124_150628,290fc416-68ac-4fbb-882e-db1b2fabd741,4069392556481845,queens,staten_island
20231124_150633,290fc416-68ac-4fbb-882e-db1b2fabd741,287867855835765,bronx,queens
20231124_150636,290fc416-68ac-4fbb-882e-db1b2fabd741,2528840997411454,bronx,queens
20231124_150639,290fc416-68ac-4fbb-882e-db1b2fabd741,426391609560900,queens,queens
20231124_150642,290fc416-68ac-4fbb-882e-db1b2fabd741,367466001592766,bronx,brooklyn
20231124_150645,290fc416-68ac-4fbb-882e-db1b2fabd741,1704063343134696,manhattan,manhattan
20231124_150654,290fc416-68ac-4fbb-882e-db1b2fabd741,1634626146730637,bronx,brooklyn
20231124_150700,290fc416-68ac-4fbb-882e-db1b2fabd741,201231591048220,bronx,brooklyn
20231124_150702,290fc416-68ac-4fbb-882e-db1b2fabd741,2872611319693147,queens,queens
20231124_150705,290fc416-68ac-4fbb-882e-db1b2fabd741,4016996285059478,staten_island,queens
20231124_150707,290fc416-68ac-4fbb-882e-db1b2fabd741,1704063343134696,manhattan,manhattan
20231124_150710,290fc416-68ac-4fbb-882e-db1b2fabd741,490541429028744,staten_island,staten_island
20231124_150713,290fc416-68ac-4fbb-882e-db1b2fabd741,302763668047748,queens,queens
20231124_150716,290fc416-68ac-4fbb-882e-db1b2fabd741,610064478857475,queens,queens
20231124_150720,290fc416-68ac-4fbb-882e-db1b2fabd741,519065092428477,brooklyn,queens
20231124_150727,290fc416-68ac-4fbb-882e-db1b2fabd741,594292631531047,manhattan,staten_island
20231124_150729,290fc416-68ac-4fbb-882e-db1b2fabd741,900654451623427,queens,queens
20231124_150735,290fc416-68ac-4fbb-882e-db1b2fabd741,865144594215433,brooklyn,queens
20231124_150741,290fc416-68ac-4fbb-882e-db1b2fabd741,4150908381635700,brooklyn,queens
20231124_150746,290fc416-68ac-4fbb-882e-db1b2fabd741,417965006350041,brooklyn,bronx
20231124_150749,290fc416-68ac-4fbb-882e-db1b2fabd741,2179058545559134,brooklyn,queens
20231124_150751,290fc416-68ac-4fbb-882e-db1b2fabd741,582422018548761,brooklyn,queens
20231124_150753,290fc416-68ac-4fbb-882e-db1b2fabd741,2188440344629750,queens,queens
20231124_150819,290fc416-68ac-4fbb-882e-db1b2fabd741,287867855835765,bronx,queens
20231124_150822,290fc416-68ac-4fbb-882e-db1b2fabd741,958777139862908,queens,queens
20231124_150824,290fc416-68ac-4fbb-882e-db1b2fabd741,994985467913720,brooklyn,queens
20231124_150827,290fc416-68ac-4fbb-882e-db1b2fabd741,3764219347039651,brooklyn,brooklyn
20231124_150832,ab8de91f-1bee-445a-b3c5-f3abbd76e602,1914996165318701,brooklyn,queens
20231124_150832,290fc416-68ac-4fbb-882e-db1b2fabd741,1226626561128632,manhattan,brooklyn
20231124_150835,290fc416-68ac-4fbb-882e-db1b2fabd741,551465051454213,queens,queens
20231124_150836,ab8de91f-1bee-445a-b3c5-f3abbd76e602,4266437596719999,manhattan,brooklyn
20231124_150837,290fc416-68ac-4fbb-882e-db1b2fabd741,27179893667663,queens,queens
20231124_150840,290fc416-68ac-4fbb-882e-db1b2fabd741,516369046056786,queens,queens
20231124_150841,ab8de91f-1bee-445a-b3c5-f3abbd76e602,532020514847644,brooklyn,queens
20231124_150843,290fc416-68ac-4fbb-882e-db1b2fabd741,499603664518502,brooklyn,brooklyn
20231124_150845,ab8de91f-1bee-445a-b3c5-f3abbd76e602,302634464603871,brooklyn,bronx
20231124_150847,ab8de91f-1bee-445a-b3c5-f3abbd76e602,972534814532288,queens,queens
20231124_150848,290fc416-68ac-4fbb-882e-db1b2fabd741,690401934241187,staten_island,brooklyn
20231124_150850,ab8de91f-1bee-445a-b3c5-f3abbd76e602,551465051454213,queens,queens
20231124_150850,290fc416-68ac-4fbb-882e-db1b2fabd741,3944452768965587,queens,queens
20231124_150852,ab8de91f-1bee-445a-b3c5-f3abbd76e602,516730597751015,queens,queens
20231124_150855,ab8de91f-1bee-445a-b3c5-f3abbd76e602,3163759777184822,manhattan,brooklyn
20231124_150856,290fc416-68ac-4fbb-882e-db1b2fabd741,301075314826993,bronx,queens
20231124_150857,ab8de91f-1bee-445a-b3c5-f3abbd76e602,18861314303054,queens,queens
20231124_150902,ab8de91f-1bee-445a-b3c5-f3abbd76e602,172382381581590,bronx,staten_island
20231124_150903,290fc416-68ac-4fbb-882e-db1b2fabd741,170873734841788,queens,bronx
20231124_150905,290fc416-68ac-4fbb-882e-db1b2fabd741,637695150624883,manhattan,staten_island
20231124_150907,290fc416-68ac-4fbb-882e-db1b2fabd741,1125209124629540,brooklyn,queens
20231124_150910,ab8de91f-1bee-445a-b3c5-f3abbd76e602,494040681790379,queens,brooklyn
20231124_150912,290fc416-68ac-4fbb-882e-db1b2fabd741,465932433844170,manhattan,manhattan
20231124_150914,290fc416-68ac-4fbb-882e-db1b2fabd741,962603371152732,staten_island,queens
20231124_150919,290fc416-68ac-4fbb-882e-db1b2fabd741,918256394102815,queens,queens
20231124_150919,ab8de91f-1bee-445a-b3c5-f3abbd76e602,218244609879759,manhattan,brooklyn
20231124_150921,ab8de91f-1bee-445a-b3c5-f3abbd76e602,325712802242196,manhattan,brooklyn
20231124_150921,290fc416-68ac-4fbb-882e-db1b2fabd741,2684729375161201,queens,queens
20231124_150923,ab8de91f-1bee-445a-b3c5-f3abbd76e602,688369405225644,staten_island,queens
20231124_150924,290fc416-68ac-4fbb-882e-db1b2fabd741,257257167625707,brooklyn,queens
20231124_150925,ab8de91f-1bee-445a-b3c5-f3abbd76e602,209156504354579,bronx,brooklyn
20231124_150927,290fc416-68ac-4fbb-882e-db1b2fabd741,2582076538767769,brooklyn,queens
20231124_150930,290fc416-68ac-4fbb-882e-db1b2fabd741,1148243632349193,manhattan,manhattan
20231124_150930,ab8de91f-1bee-445a-b3c5-f3abbd76e602,468841607545473,brooklyn,manhattan
20231124_150933,290fc416-68ac-4fbb-882e-db1b2fabd741,135576365267583,brooklyn,brooklyn
20231124_150935,ab8de91f-1bee-445a-b3c5-f3abbd76e602,1166552433772848,brooklyn,bronx
20231124_150936,ab8de91f-1bee-445a-b3c5-f3abbd76e602,380184619492283,queens,bronx
20231124_150937,290fc416-68ac-4fbb-882e-db1b2fabd741,760366965790308,staten_island,queens
20231124_150938,ab8de91f-1bee-445a-b3c5-f3abbd76e602,285245156589920,bronx,bronx
20231124_150942,290fc416-68ac-4fbb-882e-db1b2fabd741,676912975583335,manhattan,brooklyn
20231124_150945,290fc416-68ac-4fbb-882e-db1b2fabd741,730350372703118,bronx,queens
20231124_150952,290fc416-68ac-4fbb-882e-db1b2fabd741,53002588784510,queens,staten_island
20231124_150954,290fc416-68ac-4fbb-882e-db1b2fabd741,231218104580798,staten_island,staten_island
20231124_150956,290fc416-68ac-4fbb-882e-db1b2fabd741,748742963170376,brooklyn,brooklyn
20231124_150957,ab8de91f-1bee-445a-b3c5-f3abbd76e602,1265226310545913,manhattan,bronx
20231124_150959,ab8de91f-1bee-445a-b3c5-f3abbd76e602,712626766578111,queens,queens
20231124_151002,ab8de91f-1bee-445a-b3c5-f3abbd76e602,1665208213669326,manhattan,manhattan
20231124_151002,290fc416-68ac-4fbb-882e-db1b2fabd741,1886838231470795,brooklyn,queens
20231124_151005,ab8de91f-1bee-445a-b3c5-f3abbd76e602,962076824629435,staten_island,queens
20231124_151011,290fc416-68ac-4fbb-882e-db1b2fabd741,3934656946614922,queens,queens
20231124_151014,290fc416-68ac-4fbb-882e-db1b2fabd741,1443682112752174,manhattan,manhattan
20231124_151018,ab8de91f-1bee-445a-b3c5-f3abbd76e602,1391379657885490,bronx,bronx
20231124_151021,ab8de91f-1bee-445a-b3c5-f3abbd76e602,835353344052924,bronx,bronx
20231124_151022,290fc416-68ac-4fbb-882e-db1b2fabd741,3163699313848206,brooklyn,queens
20231124_151025,ab8de91f-1bee-445a-b3c5-f3abbd76e602,181604538063601,manhattan,brooklyn
20231124_151026,290fc416-68ac-4fbb-882e-db1b2fabd741,1797735897073993,queens,queens
20231124_151029,ab8de91f-1bee-445a-b3c5-f3abbd76e602,816672755942048,bronx,queens
20231124_151031,ab8de91f-1bee-445a-b3c5-f3abbd76e602,949601802508429,queens,brooklyn
20231124_151033,290fc416-68ac-4fbb-882e-db1b2fabd741,860140384541274,brooklyn,bronx
20231124_151034,ab8de91f-1bee-445a-b3c5-f3abbd76e602,1999373933544748,queens,bronx
20231124_151035,290fc416-68ac-4fbb-882e-db1b2fabd741,707202229446740,queens,queens
20231124_151035,ab8de91f-1bee-445a-b3c5-f3abbd76e602,80333823801928,brooklyn,queens
20231124_151038,290fc416-68ac-4fbb-882e-db1b2fabd741,570788587225549,queens,queens
20231124_151040,ab8de91f-1bee-445a-b3c5-f3abbd76e602,539499768300156,staten_island,queens
20231124_151042,ab8de91f-1bee-445a-b3c5-f3abbd76e602,135905910716649,queens,brooklyn
20231124_151044,ab8de91f-1bee-445a-b3c5-f3abbd76e602,743515768432034,queens,bronx
20231124_151046,ab8de91f-1bee-445a-b3c5-f3abbd76e602,529637502812564,queens,bronx
20231124_151046,290fc416-68ac-4fbb-882e-db1b2fabd741,132256454942008,brooklyn,staten_island
20231124_151047,ab8de91f-1bee-445a-b3c5-f3abbd76e602,400756437680364,queens,queens
20231124_151050,ab8de91f-1bee-445a-b3c5-f3abbd76e602,218189356436989,queens,queens
20231124_151050,290fc416-68ac-4fbb-882e-db1b2fabd741,3026672894270222,brooklyn,queens
20231124_151050,ab8de91f-1bee-445a-b3c5-f3abbd76e602,813271006283668,queens,queens
20231124_151051,ab8de91f-1bee-445a-b3c5-f3abbd76e602,698136133797249,staten_island,queens
20231124_151052,ab8de91f-1bee-445a-b3c5-f3abbd76e602,637590504830219,brooklyn,queens
20231124_151053,ab8de91f-1bee-445a-b3c5-f3abbd76e602,292755185890282,queens,queens
20231124_151053,ab8de91f-1bee-445a-b3c5-f3abbd76e602,2945405649030185,queens,queens
20231124_151053,290fc416-68ac-4fbb-882e-db1b2fabd741,645713277208806,queens,queens
20231124_151056,ab8de91f-1bee-445a-b3c5-f3abbd76e602,2847255862194790,staten_island,queens
20231124_151056,290fc416-68ac-4fbb-882e-db1b2fabd741,541939321667513,queens,queens
20231124_151057,ab8de91f-1bee-445a-b3c5-f3abbd76e602,800184580624072,queens,queens
20231124_151058,ab8de91f-1bee-445a-b3c5-f3abbd76e602,172193222251401,brooklyn,manhattan
20231124_151058,ab8de91f-1bee-445a-b3c5-f3abbd76e602,934718354006778,queens,manhattan
20231124_151101,ab8de91f-1bee-445a-b3c5-f3abbd76e602,954365385338867,manhattan,manhattan
20231124_151102,290fc416-68ac-4fbb-882e-db1b2fabd741,414283446882614,staten_island,queens
20231124_151104,290fc416-68ac-4fbb-882e-db1b2fabd741,466558229491112,queens,queens
20231124_151107,290fc416-68ac-4fbb-882e-db1b2fabd741,315013736923982,bronx,staten_island
20231124_151115,290fc416-68ac-4fbb-882e-db1b2fabd741,283292734250198,queens,queens
20231124_151115,ab8de91f-1bee-445a-b3c5-f3abbd76e602,222241601901650,bronx,queens
20231124_151116,ab8de91f-1bee-445a-b3c5-f3abbd76e602,786730555949803,bronx,queens
20231124_151116,ab8de91f-1bee-445a-b3c5-f3abbd76e602,420107831571681,bronx,queens
20231124_151117,ab8de91f-1bee-445a-b3c5-f3abbd76e602,79538625081725,brooklyn,queens
20231124_151117,ab8de91f-1bee-445a-b3c5-f3abbd76e602,3987955011283916,queens,queens
20231124_151117,ab8de91f-1bee-445a-b3c5-f3abbd76e602,2945569642391675,bronx,queens
20231124_151117,290fc416-68ac-4fbb-882e-db1b2fabd741,482504410196016,queens,brooklyn
20231124_151117,ab8de91f-1bee-445a-b3c5-f3abbd76e602,805305780399247,manhattan,queens
20231124_151117,ab8de91f-1bee-445a-b3c5-f3abbd76e602,202429710482302,bronx,queens
20231124_151118,ab8de91f-1bee-445a-b3c5-f3abbd76e602,913152512796753,queens,queens
20231124_151118,ab8de91f-1bee-445a-b3c5-f3abbd76e602,1475421672836788,bronx,queens
20231124_151118,ab8de91f-1bee-445a-b3c5-f3abbd76e602,2659642164329896,bronx,queens
20231124_151118,ab8de91f-1bee-445a-b3c5-f3abbd76e602,264764363825941,brooklyn,queens
20231124_151118,ab8de91f-1bee-445a-b3c5-f3abbd76e602,752021535495023,bronx,queens
20231124_151118,ab8de91f-1bee-445a-b3c5-f3abbd76e602,632704478802195,brooklyn,queens
20231124_151119,ab8de91f-1bee-445a-b3c5-f3abbd76e602,1158112481367710,brooklyn,queens
20231124_151119,ab8de91f-1bee-445a-b3c5-f3abbd76e602,4201465539874390,queens,queens
20231124_151119,ab8de91f-1bee-445a-b3c5-f3abbd76e602,4266437596719999,manhattan,queens
20231124_151119,ab8de91f-1bee-445a-b3c5-f3abbd76e602,228140642064965,staten_island,queens
20231124_151119,ab8de91f-1bee-445a-b3c5-f3abbd76e602,109051867018159,brooklyn,queens
20231124_151119,ab8de91f-1bee-445a-b3c5-f3abbd76e602,218720339758314,brooklyn,queens
20231124_151120,290fc416-68ac-4fbb-882e-db1b2fabd741,748378349142707,queens,queens
20231124_151120,ab8de91f-1bee-445a-b3c5-f3abbd76e602,79648111504162,staten_island,queens
20231124_151120,ab8de91f-1bee-445a-b3c5-f3abbd76e602,233178583756516,bronx,queens
20231124_151120,ab8de91f-1bee-445a-b3c5-f3abbd76e602,552764959023744,bronx,queens
20231124_151120,ab8de91f-1bee-445a-b3c5-f3abbd76e602,4299646013413945,bronx,queens
20231124_151120,ab8de91f-1bee-445a-b3c5-f3abbd76e602,140359826036401,queens,queens
20231124_151121,ab8de91f-1bee-445a-b3c5-f3abbd76e602,627868962290481,queens,queens
20231124_151121,ab8de91f-1bee-445a-b3c5-f3abbd76e602,238258789060521,queens,queens
20231124_151123,ab8de91f-1bee-445a-b3c5-f3abbd76e602,303376328031362,bronx,queens
20231124_151123,ab8de91f-1bee-445a-b3c5-f3abbd76e602,1126899317808883,brooklyn,queens
20231124_151124,290fc416-68ac-4fbb-882e-db1b2fabd741,573965003574590,manhattan,manhattan
20231124_151124,ab8de91f-1bee-445a-b3c5-f3abbd76e602,288524176275241,queens,queens
20231124_151124,ab8de91f-1bee-445a-b3c5-f3abbd76e602,907680626455268,queens,queens
20231124_151127,ab8de91f-1bee-445a-b3c5-f3abbd76e602,1225571467884802,brooklyn,queens
20231124_151127,ab8de91f-1bee-445a-b3c5-f3abbd76e602,4273602652674286,brooklyn,queens
20231124_151127,ab8de91f-1bee-445a-b3c5-f3abbd76e602,220015414813277,brooklyn,queens
20231124_151128,ab8de91f-1bee-445a-b3c5-f3abbd76e602,846811355916817,staten_island,queens
20231124_151128,ab8de91f-1bee-445a-b3c5-f3abbd76e602,393429415091752,staten_island,queens
20231124_151129,290fc416-68ac-4fbb-882e-db1b2fabd741,349003563124599,queens,queens
20231124_151130,ab8de91f-1bee-445a-b3c5-f3abbd76e602,743853106295414,brooklyn,manhattan
20231124_151131,ab8de91f-1bee-445a-b3c5-f3abbd76e602,177183027980436,queens,queens
20231124_151131,ab8de91f-1bee-445a-b3c5-f3abbd76e602,1135879190221225,brooklyn,queens
20231124_151131,ab8de91f-1bee-445a-b3c5-f3abbd76e602,263546052441435,staten_island,queens
20231124_151132,290fc416-68ac-4fbb-882e-db1b2fabd741,58641498083847,queens,queens
20231124_151133,ab8de91f-1bee-445a-b3c5-f3abbd76e602,226147762406826,queens,queens
20231124_151134,ab8de91f-1bee-445a-b3c5-f3abbd76e602,948759492544708,queens,queens
20231124_151134,ab8de91f-1bee-445a-b3c5-f3abbd76e602,532556261261920,staten_island,queens
20231124_151134,ab8de91f-1bee-445a-b3c5-f3abbd76e602,281980165785487,staten_island,manhattan
20231124_151135,ab8de91f-1bee-445a-b3c5-f3abbd76e602,309623570650097,bronx,queens
20231124_151135,ab8de91f-1bee-445a-b3c5-f3abbd76e602,218085402977984,manhattan,queens
20231124_151137,ab8de91f-1bee-445a-b3c5-f3abbd76e602,226502628808154,queens,queens
20231124_151137,ab8de91f-1bee-445a-b3c5-f3abbd76e602,2528840997411454,bronx,queens
20231124_151137,ab8de91f-1bee-445a-b3c5-f3abbd76e602,579916182025073,queens,queens
20231124_151139,ab8de91f-1bee-445a-b3c5-f3abbd76e602,973752680508027,brooklyn,queens
20231124_151140,ab8de91f-1bee-445a-b3c5-f3abbd76e602,508351723859170,brooklyn,queens
20231124_152818,502228ad-ba7a-4eaa-868b-fbd8464c03d1,696962139849406,staten_island,queens
20231124_152822,502228ad-ba7a-4eaa-868b-fbd8464c03d1,47786755980417,brooklyn,manhattan
20231124_152828,502228ad-ba7a-4eaa-868b-fbd8464c03d1,937860608585465,queens,queens
20231124_152830,502228ad-ba7a-4eaa-868b-fbd8464c03d1,676327006495886,queens,manhattan
20231124_152838,502228ad-ba7a-4eaa-868b-fbd8464c03d1,495137842159664,staten_island,bronx
20231124_152840,502228ad-ba7a-4eaa-868b-fbd8464c03d1,1371761596538955,brooklyn,bronx
20231124_152842,502228ad-ba7a-4eaa-868b-fbd8464c03d1,387249983538023,brooklyn,manhattan
20231124_152845,502228ad-ba7a-4eaa-868b-fbd8464c03d1,245588538977455,brooklyn,queens
20231124_152848,502228ad-ba7a-4eaa-868b-fbd8464c03d1,693795621577787,manhattan,manhattan
20231124_152851,502228ad-ba7a-4eaa-868b-fbd8464c03d1,3721587851286375,brooklyn,manhattan
20231124_152855,502228ad-ba7a-4eaa-868b-fbd8464c03d1,651312209909554,queens,brooklyn
20231124_152859,502228ad-ba7a-4eaa-868b-fbd8464c03d1,496184621522711,queens,staten_island
20231124_152902,502228ad-ba7a-4eaa-868b-fbd8464c03d1,189538943006613,queens,brooklyn
20231124_152904,502228ad-ba7a-4eaa-868b-fbd8464c03d1,645243575089324,queens,manhattan
20231124_155828,a4929f72-6415-4fa1-9222-71fbaa39e05a,317697049736777,staten_island,staten_island
20231124_155838,a4929f72-6415-4fa1-9222-71fbaa39e05a,432105359498279,queens,queens
20231124_155850,a4929f72-6415-4fa1-9222-71fbaa39e05a,484335827221422,queens,bronx
20231124_155902,a4929f72-6415-4fa1-9222-71fbaa39e05a,479911366660610,brooklyn,brooklyn
20231124_155907,a4929f72-6415-4fa1-9222-71fbaa39e05a,900654451623427,queens,bronx
20231124_155911,a4929f72-6415-4fa1-9222-71fbaa39e05a,560640098527092,staten_island,bronx
20231124_155914,a4929f72-6415-4fa1-9222-71fbaa39e05a,528350198165106,manhattan,manhattan
20231124_155921,a4929f72-6415-4fa1-9222-71fbaa39e05a,346973313611797,queens,staten_island
20231124_155931,a4929f72-6415-4fa1-9222-71fbaa39e05a,762988887748329,queens,queens
20231124_155936,a4929f72-6415-4fa1-9222-71fbaa39e05a,1369715700060227,brooklyn,queens
20231124_155943,a4929f72-6415-4fa1-9222-71fbaa39e05a,765420677410925,queens,queens
20231124_155951,a4929f72-6415-4fa1-9222-71fbaa39e05a,393069065658127,queens,bronx
20231124_155951,a4929f72-6415-4fa1-9222-71fbaa39e05a,584399700208260,queens,bronx
20231124_160001,a4929f72-6415-4fa1-9222-71fbaa39e05a,945272589230103,brooklyn,bronx
20231124_160004,a4929f72-6415-4fa1-9222-71fbaa39e05a,905005232343383,bronx,queens
20231124_160008,a4929f72-6415-4fa1-9222-71fbaa39e05a,484085479554398,queens,queens
20231124_160013,a4929f72-6415-4fa1-9222-71fbaa39e05a,564836726329791,bronx,manhattan
20231124_160018,a4929f72-6415-4fa1-9222-71fbaa39e05a,233178583756516,bronx,brooklyn
20231124_162125,d915b00c-f42d-470c-9633-917f20117af7,273880847678766,brooklyn,queens
20231124_162126,d915b00c-f42d-470c-9633-917f20117af7,329743176821458,bronx,queens
20231124_162126,d915b00c-f42d-470c-9633-917f20117af7,69864390350347,brooklyn,queens
20231124_162127,d915b00c-f42d-470c-9633-917f20117af7,461885524922989,manhattan,queens
20231124_162127,d915b00c-f42d-470c-9633-917f20117af7,1133192123866871,bronx,queens
20231124_162127,d915b00c-f42d-470c-9633-917f20117af7,1233136217105840,brooklyn,queens
20231124_162127,d915b00c-f42d-470c-9633-917f20117af7,567866174347443,queens,queens
20231124_162127,d915b00c-f42d-470c-9633-917f20117af7,228140642064965,staten_island,queens
20231124_162127,d915b00c-f42d-470c-9633-917f20117af7,1089963161530746,manhattan,queens
20231124_162128,d915b00c-f42d-470c-9633-917f20117af7,387249983538023,brooklyn,queens
20231124_162128,d915b00c-f42d-470c-9633-917f20117af7,428621901675265,brooklyn,queens
20231124_162128,d915b00c-f42d-470c-9633-917f20117af7,148011358963855,bronx,queens
20231124_162128,d915b00c-f42d-470c-9633-917f20117af7,319676839523374,bronx,queens
20231124_162128,d915b00c-f42d-470c-9633-917f20117af7,3882314225199013,manhattan,queens
20231124_162129,d915b00c-f42d-470c-9633-917f20117af7,111650333193436,queens,queens
20231124_162129,d915b00c-f42d-470c-9633-917f20117af7,755771785233888,bronx,queens
20231124_162129,d915b00c-f42d-470c-9633-917f20117af7,1256219824776150,brooklyn,queens
20231124_162129,d915b00c-f42d-470c-9633-917f20117af7,462143352264914,queens,queens
20231124_162129,d915b00c-f42d-470c-9633-917f20117af7,852287927035663,bronx,queens
20231124_162130,d915b00c-f42d-470c-9633-917f20117af7,1202197616879827,queens,queens
20231124_162130,d915b00c-f42d-470c-9633-917f20117af7,360744830734719,manhattan,queens
20231124_162130,d915b00c-f42d-470c-9633-917f20117af7,176395954377203,brooklyn,queens
20231124_162130,d915b00c-f42d-470c-9633-917f20117af7,991287130870,brooklyn,queens
20231124_162130,d915b00c-f42d-470c-9633-917f20117af7,1607289049661952,bronx,queens
20231124_162131,d915b00c-f42d-470c-9633-917f20117af7,113261999135447,staten_island,queens
20231124_162131,d915b00c-f42d-470c-9633-917f20117af7,479911366660610,brooklyn,queens
20231124_162131,d915b00c-f42d-470c-9633-917f20117af7,968005592069346,brooklyn,queens
20231124_162131,d915b00c-f42d-470c-9633-917f20117af7,613683464633135,staten_island,queens
20231124_162131,d915b00c-f42d-470c-9633-917f20117af7,454665945792811,queens,queens
20231124_162132,d915b00c-f42d-470c-9633-917f20117af7,469287584139157,staten_island,queens
20231124_162132,d915b00c-f42d-470c-9633-917f20117af7,202429710482302,bronx,queens
20231124_162132,d915b00c-f42d-470c-9633-917f20117af7,302559568092466,queens,queens
20231124_162132,d915b00c-f42d-470c-9633-917f20117af7,852251839531486,staten_island,queens
20231124_162132,d915b00c-f42d-470c-9633-917f20117af7,210191487385250,queens,queens
20231124_162133,d915b00c-f42d-470c-9633-917f20117af7,918430376703704,staten_island,queens
20231124_162133,d915b00c-f42d-470c-9633-917f20117af7,3000495430184355,bronx,queens
20231124_162133,d915b00c-f42d-470c-9633-917f20117af7,783968565588009,manhattan,queens
20231124_162133,d915b00c-f42d-470c-9633-917f20117af7,2829585043958828,queens,queens
20231124_162133,d915b00c-f42d-470c-9633-917f20117af7,174739187755015,queens,queens
20231124_162134,d915b00c-f42d-470c-9633-917f20117af7,433934989683175,queens,queens
20231124_162134,d915b00c-f42d-470c-9633-917f20117af7,1222219338219613,queens,queens
20231124_162134,d915b00c-f42d-470c-9633-917f20117af7,314534570279045,bronx,queens
20231124_162134,d915b00c-f42d-470c-9633-917f20117af7,827203777910642,manhattan,queens
20231124_162134,d915b00c-f42d-470c-9633-917f20117af7,224904535803899,manhattan,queens
20231124_162135,d915b00c-f42d-470c-9633-917f20117af7,2975369336114031,queens,queens
20231124_162135,d915b00c-f42d-470c-9633-917f20117af7,2979649125612400,queens,queens
20231124_162135,d915b00c-f42d-470c-9633-917f20117af7,608566359470443,queens,queens
20231124_162135,d915b00c-f42d-470c-9633-917f20117af7,613185606743398,staten_island,queens
20231124_162135,d915b00c-f42d-470c-9633-917f20117af7,813516999586233,bronx,queens
20231124_162136,d915b00c-f42d-470c-9633-917f20117af7,369983197683758,queens,queens
20231124_162136,d915b00c-f42d-470c-9633-917f20117af7,513410606513427,bronx,queens
20231124_162136,d915b00c-f42d-470c-9633-917f20117af7,480875418912072,brooklyn,queens
20231124_162136,d915b00c-f42d-470c-9633-917f20117af7,288136052804928,staten_island,queens
20231124_162137,d915b00c-f42d-470c-9633-917f20117af7,463407241424128,queens,queens
20231124_162137,d915b00c-f42d-470c-9633-917f20117af7,315013736923982,bronx,queens
20231124_162137,d915b00c-f42d-470c-9633-917f20117af7,815275992706703,bronx,queens
20231124_162137,d915b00c-f42d-470c-9633-917f20117af7,388335353863762,brooklyn,queens
20231124_162137,d915b00c-f42d-470c-9633-917f20117af7,129436309705221,brooklyn,queens
20231124_162138,d915b00c-f42d-470c-9633-917f20117af7,484039311105,staten_island,queens
20231124_162138,d915b00c-f42d-470c-9633-917f20117af7,283738093404293,queens,queens
20231124_162139,d915b00c-f42d-470c-9633-917f20117af7,421002756557950,queens,brooklyn
20231124_162140,d915b00c-f42d-470c-9633-917f20117af7,1394057367636191,queens,brooklyn
20231124_162140,d915b00c-f42d-470c-9633-917f20117af7,108351276931801,brooklyn,brooklyn
20231124_162140,d915b00c-f42d-470c-9633-917f20117af7,805385702688700,bronx,brooklyn
20231124_162141,d915b00c-f42d-470c-9633-917f20117af7,4347394601991060,manhattan,brooklyn
20231124_162141,d915b00c-f42d-470c-9633-917f20117af7,658819465154910,brooklyn,brooklyn
20231124_162141,d915b00c-f42d-470c-9633-917f20117af7,1141857599609742,brooklyn,brooklyn
20231124_162141,d915b00c-f42d-470c-9633-917f20117af7,314467680199454,queens,brooklyn
20231124_162141,d915b00c-f42d-470c-9633-917f20117af7,297619181977212,queens,brooklyn
20231124_162142,d915b00c-f42d-470c-9633-917f20117af7,260752330655664,brooklyn,brooklyn
20231124_162142,d915b00c-f42d-470c-9633-917f20117af7,475080705353758,brooklyn,brooklyn
20231124_162142,d915b00c-f42d-470c-9633-917f20117af7,3748760358557792,brooklyn,brooklyn
20231124_162142,d915b00c-f42d-470c-9633-917f20117af7,1400197227015114,queens,brooklyn
20231124_162142,d915b00c-f42d-470c-9633-917f20117af7,974626908515525,brooklyn,brooklyn
20231124_162143,d915b00c-f42d-470c-9633-917f20117af7,467772761108934,queens,brooklyn
20231124_162143,d915b00c-f42d-470c-9633-917f20117af7,461001034996201,queens,brooklyn
20231124_162143,d915b00c-f42d-470c-9633-917f20117af7,1880091742166713,queens,brooklyn
20231124_162143,d915b00c-f42d-470c-9633-917f20117af7,412811091363668,brooklyn,brooklyn
20231124_162143,d915b00c-f42d-470c-9633-917f20117af7,877666939631961,bronx,brooklyn
20231124_162144,d915b00c-f42d-470c-9633-917f20117af7,521499493531088,bronx,brooklyn
20231124_162144,d915b00c-f42d-470c-9633-917f20117af7,309325450798585,bronx,brooklyn
20231124_162144,d915b00c-f42d-470c-9633-917f20117af7,161872643388372,staten_island,brooklyn
20231124_162144,d915b00c-f42d-470c-9633-917f20117af7,450875104545232,queens,brooklyn
20231124_162145,d915b00c-f42d-470c-9633-917f20117af7,1815167361988069,queens,brooklyn
20231124_162145,d915b00c-f42d-470c-9633-917f20117af7,1360937347611169,queens,brooklyn
20231124_162145,d915b00c-f42d-470c-9633-917f20117af7,1880438698794312,brooklyn,brooklyn
20231124_162145,d915b00c-f42d-470c-9633-917f20117af7,308574860138859,queens,brooklyn
20231124_162145,d915b00c-f42d-470c-9633-917f20117af7,215967812171295,queens,brooklyn
20231124_162146,d915b00c-f42d-470c-9633-917f20117af7,591714579917210,brooklyn,brooklyn
20231124_162146,d915b00c-f42d-470c-9633-917f20117af7,441908363621146,brooklyn,brooklyn
20231124_162146,d915b00c-f42d-470c-9633-917f20117af7,227524525478382,queens,brooklyn
20231124_162146,d915b00c-f42d-470c-9633-917f20117af7,141019230545817,brooklyn,brooklyn
20231124_162147,d915b00c-f42d-470c-9633-917f20117af7,846781954342641,brooklyn,brooklyn
20231124_162147,d915b00c-f42d-470c-9633-917f20117af7,85511595461976,brooklyn,brooklyn
20231124_162147,d915b00c-f42d-470c-9633-917f20117af7,243079563512313,bronx,brooklyn
20231124_162147,d915b00c-f42d-470c-9633-917f20117af7,166831396772351,brooklyn,brooklyn
20231124_162147,d915b00c-f42d-470c-9633-917f20117af7,1419213428455192,bronx,brooklyn
20231124_162148,d915b00c-f42d-470c-9633-917f20117af7,216641890012330,queens,brooklyn
20231124_162148,d915b00c-f42d-470c-9633-917f20117af7,1062013987659026,manhattan,brooklyn
20231124_162148,d915b00c-f42d-470c-9633-917f20117af7,1796257667210666,brooklyn,brooklyn
20231124_162148,d915b00c-f42d-470c-9633-917f20117af7,823702344938755,brooklyn,brooklyn
20231124_162148,d915b00c-f42d-470c-9633-917f20117af7,3933392133445814,queens,brooklyn
20231124_162149,d915b00c-f42d-470c-9633-917f20117af7,580413816261580,staten_island,brooklyn
20231124_162149,d915b00c-f42d-470c-9633-917f20117af7,964081424712998,staten_island,brooklyn
20231124_162149,d915b00c-f42d-470c-9633-917f20117af7,330776128570937,queens,brooklyn
20231124_162149,d915b00c-f42d-470c-9633-917f20117af7,67728291788627,queens,brooklyn
20231124_162149,d915b00c-f42d-470c-9633-917f20117af7,86033247340982,staten_island,brooklyn
20231124_162150,d915b00c-f42d-470c-9633-917f20117af7,521800588107773,staten_island,brooklyn
20231124_162150,d915b00c-f42d-470c-9633-917f20117af7,281068827072775,brooklyn,brooklyn
20231124_162150,d915b00c-f42d-470c-9633-917f20117af7,531056496577296,brooklyn,brooklyn
20231124_162151,d915b00c-f42d-470c-9633-917f20117af7,230773088384360,brooklyn,brooklyn
20231124_162151,d915b00c-f42d-470c-9633-917f20117af7,532556261261920,staten_island,brooklyn
20231124_162151,d915b00c-f42d-470c-9633-917f20117af7,716174746449446,brooklyn,brooklyn
20231124_162152,d915b00c-f42d-470c-9633-917f20117af7,2771138573147519,bronx,brooklyn
20231124_162152,d915b00c-f42d-470c-9633-917f20117af7,737402906955733,manhattan,brooklyn
20231124_162153,d915b00c-f42d-470c-9633-917f20117af7,485482879467327,staten_island,brooklyn
20231124_162153,d915b00c-f42d-470c-9633-917f20117af7,415928224181942,queens,brooklyn
20231124_162153,d915b00c-f42d-470c-9633-917f20117af7,10807678873582,staten_island,brooklyn
20231124_162154,d915b00c-f42d-470c-9633-917f20117af7,466878307729699,queens,brooklyn
20231124_162154,d915b00c-f42d-470c-9633-917f20117af7,794634451173075,staten_island,brooklyn
20231124_162154,d915b00c-f42d-470c-9633-917f20117af7,72587046991969,bronx,brooklyn
20231124_162155,d915b00c-f42d-470c-9633-917f20117af7,741571550604614,manhattan,brooklyn
20231124_162155,d915b00c-f42d-470c-9633-917f20117af7,893640491223526,queens,brooklyn
20231124_162155,d915b00c-f42d-470c-9633-917f20117af7,848300669548713,queens,brooklyn
20231124_162156,d915b00c-f42d-470c-9633-917f20117af7,663223746701548,staten_island,brooklyn
20231124_162156,d915b00c-f42d-470c-9633-917f20117af7,2835822976732788,manhattan,brooklyn
20231124_162156,d915b00c-f42d-470c-9633-917f20117af7,961052406130942,queens,brooklyn
20231124_162156,d915b00c-f42d-470c-9633-917f20117af7,830626444208283,bronx,brooklyn
20231124_162157,d915b00c-f42d-470c-9633-917f20117af7,2966423406927929,manhattan,brooklyn
20231124_162157,d915b00c-f42d-470c-9633-917f20117af7,130780393942125,queens,brooklyn
20231124_162157,d915b00c-f42d-470c-9633-917f20117af7,614898349452581,queens,brooklyn
20231124_162158,d915b00c-f42d-470c-9633-917f20117af7,888035745329119,brooklyn,brooklyn
20231124_162158,d915b00c-f42d-470c-9633-917f20117af7,879890896540773,brooklyn,brooklyn
20231124_162158,d915b00c-f42d-470c-9633-917f20117af7,908713416357057,queens,brooklyn
20231124_162158,d915b00c-f42d-470c-9633-917f20117af7,490008149087084,brooklyn,brooklyn
20231124_162158,d915b00c-f42d-470c-9633-917f20117af7,611091339567243,staten_island,brooklyn
20231124_162159,d915b00c-f42d-470c-9633-917f20117af7,940795658944670,brooklyn,brooklyn
20231124_162159,d915b00c-f42d-470c-9633-917f20117af7,586736470058057,brooklyn,brooklyn
20231124_162159,d915b00c-f42d-470c-9633-917f20117af7,457754356832051,staten_island,brooklyn
20231124_162159,d915b00c-f42d-470c-9633-917f20117af7,1867075000117675,queens,brooklyn
20231124_162200,d915b00c-f42d-470c-9633-917f20117af7,907468591105391,queens,brooklyn
20231124_162200,d915b00c-f42d-470c-9633-917f20117af7,305495607970672,manhattan,brooklyn
20231124_162200,d915b00c-f42d-470c-9633-917f20117af7,309094194150247,manhattan,brooklyn
20231124_162200,d915b00c-f42d-470c-9633-917f20117af7,797893070824861,queens,brooklyn
20231124_162200,d915b00c-f42d-470c-9633-917f20117af7,981802848007338,brooklyn,brooklyn
20231124_162201,d915b00c-f42d-470c-9633-917f20117af7,463635344693682,queens,brooklyn
20231124_162201,d915b00c-f42d-470c-9633-917f20117af7,763415361313620,staten_island,brooklyn
20231124_162201,d915b00c-f42d-470c-9633-917f20117af7,958173461674989,queens,brooklyn
20231124_162202,d915b00c-f42d-470c-9633-917f20117af7,808439246760370,manhattan,brooklyn
20231124_162202,d915b00c-f42d-470c-9633-917f20117af7,387679593641675,staten_island,brooklyn
20231124_162202,d915b00c-f42d-470c-9633-917f20117af7,949601802508429,queens,brooklyn
20231124_162202,d915b00c-f42d-470c-9633-917f20117af7,219744652982353,queens,brooklyn
20231124_162202,d915b00c-f42d-470c-9633-917f20117af7,11566205027231,queens,brooklyn
20231124_162203,d915b00c-f42d-470c-9633-917f20117af7,472688230611515,staten_island,brooklyn
20231124_162203,d915b00c-f42d-470c-9633-917f20117af7,1560564417479889,queens,brooklyn
20231124_162203,d915b00c-f42d-470c-9633-917f20117af7,4100632173308292,queens,brooklyn
20231124_162203,d915b00c-f42d-470c-9633-917f20117af7,618939789063130,staten_island,brooklyn
20231124_162203,d915b00c-f42d-470c-9633-917f20117af7,298674245127535,queens,brooklyn
20231124_162204,d915b00c-f42d-470c-9633-917f20117af7,188148214623227,brooklyn,brooklyn
20231124_162204,d915b00c-f42d-470c-9633-917f20117af7,4109701149080424,queens,brooklyn
20231124_162204,d915b00c-f42d-470c-9633-917f20117af7,862437750975532,brooklyn,brooklyn
20231124_162204,d915b00c-f42d-470c-9633-917f20117af7,4143154772413581,manhattan,brooklyn
20231124_162205,d915b00c-f42d-470c-9633-917f20117af7,1118456691986160,queens,brooklyn
20231124_162205,d915b00c-f42d-470c-9633-917f20117af7,646761347138416,queens,brooklyn
20231124_162205,d915b00c-f42d-470c-9633-917f20117af7,74697601569238,bronx,brooklyn
20231124_162205,d915b00c-f42d-470c-9633-917f20117af7,489936542367505,queens,brooklyn
20231124_162205,d915b00c-f42d-470c-9633-917f20117af7,154007440014753,bronx,brooklyn
20231124_162206,d915b00c-f42d-470c-9633-917f20117af7,297872416331106,brooklyn,brooklyn
20231124_162206,d915b00c-f42d-470c-9633-917f20117af7,589892919387036,bronx,brooklyn
20231124_162206,d915b00c-f42d-470c-9633-917f20117af7,993227523193489,brooklyn,brooklyn
20231124_162206,d915b00c-f42d-470c-9633-917f20117af7,2856685117913393,queens,brooklyn
20231124_162207,d915b00c-f42d-470c-9633-917f20117af7,481870291635732,bronx,brooklyn
20231124_162207,d915b00c-f42d-470c-9633-917f20117af7,129900893146575,queens,brooklyn
20231124_162207,d915b00c-f42d-470c-9633-917f20117af7,300992567639317,brooklyn,brooklyn
20231124_162207,d915b00c-f42d-470c-9633-917f20117af7,530854554600029,staten_island,brooklyn
20231124_162209,d915b00c-f42d-470c-9633-917f20117af7,973144336770499,queens,queens
20231124_162209,d915b00c-f42d-470c-9633-917f20117af7,3846963338689982,brooklyn,queens
20231124_162209,d915b00c-f42d-470c-9633-917f20117af7,2757214871226327,queens,queens
20231124_162209,d915b00c-f42d-470c-9633-917f20117af7,1113036145846670,bronx,queens
20231124_162210,d915b00c-f42d-470c-9633-917f20117af7,209608696447249,queens,queens
20231124_162210,d915b00c-f42d-470c-9633-917f20117af7,742276663111300,queens,queens
20231124_162210,d915b00c-f42d-470c-9633-917f20117af7,4306500122717202,brooklyn,queens
20231124_162210,d915b00c-f42d-470c-9633-917f20117af7,87317750735647,brooklyn,queens
20231124_162211,d915b00c-f42d-470c-9633-917f20117af7,625139100570076,bronx,queens
20231124_162211,d915b00c-f42d-470c-9633-917f20117af7,2942811042658571,bronx,queens
20231124_162211,d915b00c-f42d-470c-9633-917f20117af7,590382184871368,queens,queens
20231124_162211,d915b00c-f42d-470c-9633-917f20117af7,840372312720573,bronx,queens
20231124_162211,d915b00c-f42d-470c-9633-917f20117af7,1278071509262535,bronx,queens
20231124_162212,d915b00c-f42d-470c-9633-917f20117af7,877517342819752,brooklyn,queens
20231124_162212,d915b00c-f42d-470c-9633-917f20117af7,859798894278807,queens,queens
20231124_162212,d915b00c-f42d-470c-9633-917f20117af7,542505067092499,queens,queens
20231124_162212,d915b00c-f42d-470c-9633-917f20117af7,657764641914567,queens,queens
20231124_162213,d915b00c-f42d-470c-9633-917f20117af7,361403275800119,queens,queens
20231124_162213,d915b00c-f42d-470c-9633-917f20117af7,823702344938755,brooklyn,queens
20231124_162213,d915b00c-f42d-470c-9633-917f20117af7,2582076538767769,brooklyn,queens
20231124_162213,d915b00c-f42d-470c-9633-917f20117af7,229913065134478,manhattan,queens
20231124_162213,d915b00c-f42d-470c-9633-917f20117af7,849459268337509,queens,queens
20231124_162214,d915b00c-f42d-470c-9633-917f20117af7,1138646329895239,queens,queens
20231124_162214,d915b00c-f42d-470c-9633-917f20117af7,1436641316728144,brooklyn,queens
20231124_162214,d915b00c-f42d-470c-9633-917f20117af7,489263977091745,staten_island,queens
20231124_162214,d915b00c-f42d-470c-9633-917f20117af7,592357173256606,brooklyn,queens
20231124_162214,d915b00c-f42d-470c-9633-917f20117af7,80333823801928,brooklyn,queens
20231124_162215,d915b00c-f42d-470c-9633-917f20117af7,209608696447249,queens,queens
20231124_162215,d915b00c-f42d-470c-9633-917f20117af7,644771843187942,staten_island,queens
20231124_162215,d915b00c-f42d-470c-9633-917f20117af7,961872591360744,bronx,queens
20231124_162215,d915b00c-f42d-470c-9633-917f20117af7,802818614422401,brooklyn,queens
20231124_162215,d915b00c-f42d-470c-9633-917f20117af7,858583865015698,queens,queens
20231124_162216,d915b00c-f42d-470c-9633-917f20117af7,372596064027037,brooklyn,queens
20231124_162216,d915b00c-f42d-470c-9633-917f20117af7,815262475221441,queens,queens
20231124_162217,d915b00c-f42d-470c-9633-917f20117af7,642035664940132,queens,queens
20231124_170717,498cb2a6-8735-47d8-a7bb-e5ba83adc578,1425391971163252,queens,queens
20231124_170726,498cb2a6-8735-47d8-a7bb-e5ba83adc578,426894814613438,brooklyn,brooklyn
20231124_170731,498cb2a6-8735-47d8-a7bb-e5ba83adc578,386935749200957,brooklyn,queens
20231124_170735,498cb2a6-8735-47d8-a7bb-e5ba83adc578,516369046056786,queens,bronx
20231124_170736,498cb2a6-8735-47d8-a7bb-e5ba83adc578,1942833362536586,queens,bronx
20231124_170736,498cb2a6-8735-47d8-a7bb-e5ba83adc578,1942833362536586,queens,bronx
20231124_170737,498cb2a6-8735-47d8-a7bb-e5ba83adc578,631416750580358,staten_island,bronx
20231124_170737,498cb2a6-8735-47d8-a7bb-e5ba83adc578,145387900635502,bronx,bronx
20231124_170738,498cb2a6-8735-47d8-a7bb-e5ba83adc578,284672845697936,brooklyn,bronx
20231124_170738,498cb2a6-8735-47d8-a7bb-e5ba83adc578,277840805645395,manhattan,bronx
20231124_170739,498cb2a6-8735-47d8-a7bb-e5ba83adc578,536736749181307,brooklyn,bronx
20231124_190046,7cdf2484-cb89-495e-958f-531f75f0188b,1180363399067454,brooklyn,bronx
20231124_190050,7cdf2484-cb89-495e-958f-531f75f0188b,2609283646037652,brooklyn,brooklyn
20231124_190052,7cdf2484-cb89-495e-958f-531f75f0188b,316296423343274,brooklyn,manhattan
20231124_190058,7cdf2484-cb89-495e-958f-531f75f0188b,388335353863762,brooklyn,manhattan
20231124_190100,7cdf2484-cb89-495e-958f-531f75f0188b,890715245282009,queens,staten_island
20231124_190102,7cdf2484-cb89-495e-958f-531f75f0188b,619817112186824,queens,staten_island
20231124_190109,7cdf2484-cb89-495e-958f-531f75f0188b,642035664940132,queens,bronx
20231124_190112,7cdf2484-cb89-495e-958f-531f75f0188b,820324012023667,queens,brooklyn
20231124_190116,7cdf2484-cb89-495e-958f-531f75f0188b,321311952756789,brooklyn,brooklyn
20231124_190119,7cdf2484-cb89-495e-958f-531f75f0188b,432105359498279,queens,queens
20231124_190121,7cdf2484-cb89-495e-958f-531f75f0188b,320571119428301,bronx,staten_island
20231124_190123,7cdf2484-cb89-495e-958f-531f75f0188b,289675174630467,brooklyn,staten_island
20231124_190125,7cdf2484-cb89-495e-958f-531f75f0188b,387711977775744,queens,staten_island
20231124_190128,7cdf2484-cb89-495e-958f-531f75f0188b,310372334014893,queens,bronx
20231124_190132,7cdf2484-cb89-495e-958f-531f75f0188b,1459878794361215,staten_island,queens
20231124_190136,7cdf2484-cb89-495e-958f-531f75f0188b,319676839523374,bronx,brooklyn
20231124_190139,7cdf2484-cb89-495e-958f-531f75f0188b,4005573476148799,manhattan,manhattan
20231124_190141,7cdf2484-cb89-495e-958f-531f75f0188b,1011639899371958,staten_island,staten_island
20231124_190144,7cdf2484-cb89-495e-958f-531f75f0188b,470625190687255,manhattan,brooklyn
20231124_190146,7cdf2484-cb89-495e-958f-531f75f0188b,170611097212386,queens,queens
20231124_190149,7cdf2484-cb89-495e-958f-531f75f0188b,332829706134707,brooklyn,brooklyn
20231124_190200,7cdf2484-cb89-495e-958f-531f75f0188b,1115332148957550,queens,staten_island
20231124_190202,7cdf2484-cb89-495e-958f-531f75f0188b,1131251030635951,staten_island,staten_island
20231124_190203,7cdf2484-cb89-495e-958f-531f75f0188b,38446609894594,staten_island,staten_island
20231124_190206,7cdf2484-cb89-495e-958f-531f75f0188b,800577758012029,brooklyn,bronx
20231124_190208,7cdf2484-cb89-495e-958f-531f75f0188b,963144604225058,manhattan,bronx
20231124_190210,7cdf2484-cb89-495e-958f-531f75f0188b,862097198978571,queens,staten_island
20231124_190213,7cdf2484-cb89-495e-958f-531f75f0188b,871418799856991,manhattan,bronx
20231124_190214,7cdf2484-cb89-495e-958f-531f75f0188b,252130576694014,queens,bronx
20231124_190217,7cdf2484-cb89-495e-958f-531f75f0188b,273245525106262,brooklyn,staten_island
20231124_190224,7cdf2484-cb89-495e-958f-531f75f0188b,851832498742187,queens,bronx
20231124_190229,7cdf2484-cb89-495e-958f-531f75f0188b,850794504905038,brooklyn,queens
20231124_190230,7cdf2484-cb89-495e-958f-531f75f0188b,358362515947870,queens,queens
20231124_190233,7cdf2484-cb89-495e-958f-531f75f0188b,1364570590588154,brooklyn,manhattan
20231124_190235,7cdf2484-cb89-495e-958f-531f75f0188b,782301625750228,queens,staten_island
20231124_190243,7cdf2484-cb89-495e-958f-531f75f0188b,369875998863785,brooklyn,bronx
20231124_190247,7cdf2484-cb89-495e-958f-531f75f0188b,534312382180712,staten_island,bronx
20231124_190248,7cdf2484-cb89-495e-958f-531f75f0188b,152693989087042,queens,bronx
20231124_190249,7cdf2484-cb89-495e-958f-531f75f0188b,140359826036401,queens,bronx
20231124_190250,7cdf2484-cb89-495e-958f-531f75f0188b,230900075479320,manhattan,bronx
20231124_190253,7cdf2484-cb89-495e-958f-531f75f0188b,338137520936627,queens,bronx
20231124_190255,7cdf2484-cb89-495e-958f-531f75f0188b,456005485625383,manhattan,staten_island
20231124_190256,7cdf2484-cb89-495e-958f-531f75f0188b,466971397748911,queens,staten_island
20231124_192853,820afecb-a27e-44c2-b168-ff9db98f242c,3538753359562442,manhattan,manhattan
20231124_192857,820afecb-a27e-44c2-b168-ff9db98f242c,1377996432571558,brooklyn,queens
20231124_192902,820afecb-a27e-44c2-b168-ff9db98f242c,864579134130266,queens,manhattan
20231124_203635,9b4fb62e-6621-40e9-b96e-017c4cc0779a,290398386376941,queens,staten_island
20231124_203646,9b4fb62e-6621-40e9-b96e-017c4cc0779a,370973264312491,brooklyn,brooklyn
20231124_203657,9b4fb62e-6621-40e9-b96e-017c4cc0779a,414297091434397,brooklyn,queens
20231124_203709,9b4fb62e-6621-40e9-b96e-017c4cc0779a,311472590529530,manhattan,manhattan
20231124_203716,9b4fb62e-6621-40e9-b96e-017c4cc0779a,251969983919060,brooklyn,bronx
20231124_203721,9b4fb62e-6621-40e9-b96e-017c4cc0779a,586182679023005,queens,manhattan
20231124_203726,9b4fb62e-6621-40e9-b96e-017c4cc0779a,249543737189762,queens,queens
20231124_203730,9b4fb62e-6621-40e9-b96e-017c4cc0779a,1698061267214656,bronx,queens
20231124_203824,9b4fb62e-6621-40e9-b96e-017c4cc0779a,257098144288370,queens,staten_island
20231124_203829,9b4fb62e-6621-40e9-b96e-017c4cc0779a,464172924649272,brooklyn,bronx
20231124_203835,9b4fb62e-6621-40e9-b96e-017c4cc0779a,238847767994863,queens,queens
20231124_203839,9b4fb62e-6621-40e9-b96e-017c4cc0779a,649090042488323,staten_island,staten_island
20231124_203843,9b4fb62e-6621-40e9-b96e-017c4cc0779a,992435788944526,queens,brooklyn
20231124_203847,9b4fb62e-6621-40e9-b96e-017c4cc0779a,702979062056016,brooklyn,staten_island
20231124_203854,9b4fb62e-6621-40e9-b96e-017c4cc0779a,2971070729796230,queens,queens
20231124_203901,9b4fb62e-6621-40e9-b96e-017c4cc0779a,739155306937531,manhattan,manhattan
20231124_203909,9b4fb62e-6621-40e9-b96e-017c4cc0779a,753673368676756,brooklyn,staten_island
20231124_203927,9b4fb62e-6621-40e9-b96e-017c4cc0779a,1444792699186876,queens,queens
20231124_203931,9b4fb62e-6621-40e9-b96e-017c4cc0779a,3153430868235476,brooklyn,brooklyn
20231124_203936,9b4fb62e-6621-40e9-b96e-017c4cc0779a,955572278603571,manhattan,manhattan
20231124_203943,9b4fb62e-6621-40e9-b96e-017c4cc0779a,768502657186282,queens,staten_island
20231124_203949,9b4fb62e-6621-40e9-b96e-017c4cc0779a,315131036994915,staten_island,queens
20231124_203956,9b4fb62e-6621-40e9-b96e-017c4cc0779a,646005178842916,queens,bronx
20231124_204001,9b4fb62e-6621-40e9-b96e-017c4cc0779a,81678045762859,brooklyn,bronx
20231124_204003,9b4fb62e-6621-40e9-b96e-017c4cc0779a,573651836931897,queens,bronx
20231124_221642,44921995-8da3-46b6-9114-02a12cb4f4fc,2559360447706681,queens,bronx
20231124_221645,44921995-8da3-46b6-9114-02a12cb4f4fc,1200500943753495,staten_island,queens
20231124_221651,44921995-8da3-46b6-9114-02a12cb4f4fc,187728378140229,staten_island,queens
20231124_221654,44921995-8da3-46b6-9114-02a12cb4f4fc,949619869055126,brooklyn,bronx
20231124_221658,44921995-8da3-46b6-9114-02a12cb4f4fc,996646619259995,brooklyn,queens
20231124_221702,44921995-8da3-46b6-9114-02a12cb4f4fc,195807199037199,queens,staten_island
20231124_221706,44921995-8da3-46b6-9114-02a12cb4f4fc,515429529485780,staten_island,staten_island
20231124_221711,44921995-8da3-46b6-9114-02a12cb4f4fc,2961803487434029,queens,manhattan
20231124_221714,44921995-8da3-46b6-9114-02a12cb4f4fc,1131242067344190,queens,manhattan
20231124_221717,44921995-8da3-46b6-9114-02a12cb4f4fc,2427235407409744,brooklyn,manhattan
20231124_221719,44921995-8da3-46b6-9114-02a12cb4f4fc,980335904738394,brooklyn,bronx
20231124_221723,44921995-8da3-46b6-9114-02a12cb4f4fc,292694322524675,manhattan,queens
20231124_221731,44921995-8da3-46b6-9114-02a12cb4f4fc,297239110617198,manhattan,bronx
20231124_221735,44921995-8da3-46b6-9114-02a12cb4f4fc,992435788944526,queens,brooklyn
20231124_221736,44921995-8da3-46b6-9114-02a12cb4f4fc,981699627485736,queens,brooklyn
20231124_221739,44921995-8da3-46b6-9114-02a12cb4f4fc,161872643388372,staten_island,queens
20231124_221743,44921995-8da3-46b6-9114-02a12cb4f4fc,150503923636461,queens,manhattan
20231124_221746,44921995-8da3-46b6-9114-02a12cb4f4fc,890448587122069,queens,staten_island
20231124_221748,44921995-8da3-46b6-9114-02a12cb4f4fc,489189492326753,staten_island,staten_island
20231124_221749,44921995-8da3-46b6-9114-02a12cb4f4fc,292239555878252,queens,staten_island
20231124_221752,44921995-8da3-46b6-9114-02a12cb4f4fc,4293462020688652,bronx,bronx
20231124_221756,44921995-8da3-46b6-9114-02a12cb4f4fc,184761816854518,brooklyn,queens
20231124_221801,44921995-8da3-46b6-9114-02a12cb4f4fc,291423632621629,queens,bronx
20231124_221804,44921995-8da3-46b6-9114-02a12cb4f4fc,525077457765643,queens,bronx
20231124_221808,44921995-8da3-46b6-9114-02a12cb4f4fc,899117317321098,queens,queens
20231124_221811,44921995-8da3-46b6-9114-02a12cb4f4fc,513771769981103,bronx,queens
20231124_221821,44921995-8da3-46b6-9114-02a12cb4f4fc,866056237315885,brooklyn,manhattan
20231124_221834,44921995-8da3-46b6-9114-02a12cb4f4fc,6010514308962441,staten_island,queens
20231124_221836,44921995-8da3-46b6-9114-02a12cb4f4fc,363038778473447,manhattan,manhattan
20231124_221844,44921995-8da3-46b6-9114-02a12cb4f4fc,2618953178397144,queens,bronx
20231124_221847,44921995-8da3-46b6-9114-02a12cb4f4fc,292755185890282,queens,manhattan
20231124_221850,44921995-8da3-46b6-9114-02a12cb4f4fc,1457900857884818,brooklyn,manhattan
20231124_221855,44921995-8da3-46b6-9114-02a12cb4f4fc,308047145015448,brooklyn,staten_island
20231124_221902,44921995-8da3-46b6-9114-02a12cb4f4fc,153313596810177,bronx,queens
20231124_221910,44921995-8da3-46b6-9114-02a12cb4f4fc,515682819976205,queens,queens
20231124_221915,44921995-8da3-46b6-9114-02a12cb4f4fc,67238501857373,brooklyn,queens
20231124_221925,44921995-8da3-46b6-9114-02a12cb4f4fc,520364295627090,brooklyn,queens
20231124_221928,44921995-8da3-46b6-9114-02a12cb4f4fc,145717373221757,queens,queens
20231124_221939,44921995-8da3-46b6-9114-02a12cb4f4fc,961227601317349,staten_island,manhattan
20231124_221946,44921995-8da3-46b6-9114-02a12cb4f4fc,135657568558232,queens,queens
20231124_221950,44921995-8da3-46b6-9114-02a12cb4f4fc,495536128306257,queens,staten_island
20231124_221953,44921995-8da3-46b6-9114-02a12cb4f4fc,469568230783293,manhattan,manhattan
20231124_221958,44921995-8da3-46b6-9114-02a12cb4f4fc,1597014960484547,bronx,brooklyn
20231124_222006,44921995-8da3-46b6-9114-02a12cb4f4fc,874706169749122,brooklyn,manhattan
20231124_222009,44921995-8da3-46b6-9114-02a12cb4f4fc,529122487871564,manhattan,manhattan
20231124_222014,44921995-8da3-46b6-9114-02a12cb4f4fc,848372465749401,queens,bronx
20231124_222017,44921995-8da3-46b6-9114-02a12cb4f4fc,199881038046959,manhattan,manhattan
20231124_222023,44921995-8da3-46b6-9114-02a12cb4f4fc,2850908358571989,queens,bronx
20231124_222027,44921995-8da3-46b6-9114-02a12cb4f4fc,992435788944526,queens,staten_island
20231124_222031,44921995-8da3-46b6-9114-02a12cb4f4fc,708006591521843,queens,queens
20231124_222035,44921995-8da3-46b6-9114-02a12cb4f4fc,608566359470443,queens,queens
20231124_222039,44921995-8da3-46b6-9114-02a12cb4f4fc,472635665762495,staten_island,staten_island
20231124_222043,44921995-8da3-46b6-9114-02a12cb4f4fc,318964766410743,queens,manhattan
20231124_222047,44921995-8da3-46b6-9114-02a12cb4f4fc,1043271082869850,staten_island,queens
20231124_222050,44921995-8da3-46b6-9114-02a12cb4f4fc,474719786952164,manhattan,brooklyn
20231124_222053,44921995-8da3-46b6-9114-02a12cb4f4fc,542368359566370,queens,queens
20231124_232515,30a81e3b-f04e-45a3-bb38-59537a15cdee,999107598306125,queens,queens
20231124_232523,30a81e3b-f04e-45a3-bb38-59537a15cdee,660728431200157,queens,bronx
20231124_232528,30a81e3b-f04e-45a3-bb38-59537a15cdee,489531312473418,queens,queens
20231124_232532,30a81e3b-f04e-45a3-bb38-59537a15cdee,1980284942120837,staten_island,staten_island
20231124_232540,30a81e3b-f04e-45a3-bb38-59537a15cdee,380184619492283,queens,queens
20231124_232550,30a81e3b-f04e-45a3-bb38-59537a15cdee,276371949576146,queens,queens
20231124_232556,30a81e3b-f04e-45a3-bb38-59537a15cdee,1695283980661320,staten_island,bronx
20231124_232559,30a81e3b-f04e-45a3-bb38-59537a15cdee,961443321290993,queens,staten_island
20231124_232604,30a81e3b-f04e-45a3-bb38-59537a15cdee,1039160443158598,queens,manhattan
20231124_232610,30a81e3b-f04e-45a3-bb38-59537a15cdee,483127846350144,queens,bronx
20231124_232618,30a81e3b-f04e-45a3-bb38-59537a15cdee,304269822760307,brooklyn,brooklyn
20231124_232621,30a81e3b-f04e-45a3-bb38-59537a15cdee,10807678873582,staten_island,queens
20231124_232627,30a81e3b-f04e-45a3-bb38-59537a15cdee,882845765950514,staten_island,queens
20231124_232631,30a81e3b-f04e-45a3-bb38-59537a15cdee,472688230611515,staten_island,bronx
20231124_232636,30a81e3b-f04e-45a3-bb38-59537a15cdee,813516999586233,bronx,brooklyn
20231124_232640,30a81e3b-f04e-45a3-bb38-59537a15cdee,2952014105126042,queens,queens
20231124_232643,30a81e3b-f04e-45a3-bb38-59537a15cdee,998380374301560,queens,bronx
20231124_232648,30a81e3b-f04e-45a3-bb38-59537a15cdee,2892100204382834,brooklyn,staten_island
20231124_232653,30a81e3b-f04e-45a3-bb38-59537a15cdee,3909938909122642,manhattan,manhattan
20231124_232656,30a81e3b-f04e-45a3-bb38-59537a15cdee,3538753359562442,manhattan,manhattan
20231124_232704,30a81e3b-f04e-45a3-bb38-59537a15cdee,517933949340401,staten_island,queens
20231124_232710,30a81e3b-f04e-45a3-bb38-59537a15cdee,170879168295428,queens,bronx
20231124_232713,30a81e3b-f04e-45a3-bb38-59537a15cdee,368586157331953,staten_island,queens
20231124_232716,30a81e3b-f04e-45a3-bb38-59537a15cdee,121608409963497,bronx,queens
20231124_232719,30a81e3b-f04e-45a3-bb38-59537a15cdee,603853818440613,brooklyn,brooklyn
20231124_232722,30a81e3b-f04e-45a3-bb38-59537a15cdee,320469372917272,brooklyn,bronx
20231124_232729,30a81e3b-f04e-45a3-bb38-59537a15cdee,869075551920257,brooklyn,brooklyn
20231124_232733,30a81e3b-f04e-45a3-bb38-59537a15cdee,579916182025073,queens,manhattan
20231124_232737,30a81e3b-f04e-45a3-bb38-59537a15cdee,4221756914510613,queens,bronx
20231124_232740,30a81e3b-f04e-45a3-bb38-59537a15cdee,182506456997678,manhattan,manhattan
20231124_232743,30a81e3b-f04e-45a3-bb38-59537a15cdee,1043271082869850,staten_island,queens
20231124_232746,30a81e3b-f04e-45a3-bb38-59537a15cdee,414283446882614,staten_island,queens
20231124_232748,30a81e3b-f04e-45a3-bb38-59537a15cdee,1125183414614448,brooklyn,queens
20231124_232750,30a81e3b-f04e-45a3-bb38-59537a15cdee,1730732373797884,queens,queens
20231124_232753,30a81e3b-f04e-45a3-bb38-59537a15cdee,731011313406698,bronx,staten_island
20231124_232756,30a81e3b-f04e-45a3-bb38-59537a15cdee,511808286713322,queens,bronx
20231124_232759,30a81e3b-f04e-45a3-bb38-59537a15cdee,529452654730977,queens,queens
20231124_232802,30a81e3b-f04e-45a3-bb38-59537a15cdee,1364570590588154,brooklyn,brooklyn
20231124_232805,30a81e3b-f04e-45a3-bb38-59537a15cdee,197158270953023,manhattan,manhattan
20231124_232811,30a81e3b-f04e-45a3-bb38-59537a15cdee,2951074351836853,queens,queens
20231124_232816,30a81e3b-f04e-45a3-bb38-59537a15cdee,790850537724564,brooklyn,queens
20231124_232821,30a81e3b-f04e-45a3-bb38-59537a15cdee,377241073663227,queens,queens
20231124_232825,30a81e3b-f04e-45a3-bb38-59537a15cdee,395786221431493,staten_island,staten_island
20231124_232828,30a81e3b-f04e-45a3-bb38-59537a15cdee,601912117435517,queens,staten_island
20231124_232835,30a81e3b-f04e-45a3-bb38-59537a15cdee,935491398552206,bronx,brooklyn
20231124_232838,30a81e3b-f04e-45a3-bb38-59537a15cdee,84169933361691,queens,queens
20231124_232840,30a81e3b-f04e-45a3-bb38-59537a15cdee,170873734841788,queens,queens
20231124_232844,30a81e3b-f04e-45a3-bb38-59537a15cdee,937878360378136,bronx,brooklyn
20231124_232847,30a81e3b-f04e-45a3-bb38-59537a15cdee,1121597731659204,queens,queens
20231124_232850,30a81e3b-f04e-45a3-bb38-59537a15cdee,917739655420477,brooklyn,queens
20231124_232853,30a81e3b-f04e-45a3-bb38-59537a15cdee,543911426273351,bronx,manhattan
20231124_232856,30a81e3b-f04e-45a3-bb38-59537a15cdee,3899794353444626,queens,bronx
20231124_232859,30a81e3b-f04e-45a3-bb38-59537a15cdee,2272320399570894,bronx,manhattan
20231124_232903,30a81e3b-f04e-45a3-bb38-59537a15cdee,647711276392734,brooklyn,queens
20231124_232906,30a81e3b-f04e-45a3-bb38-59537a15cdee,379808840185387,manhattan,manhattan
20231124_232910,30a81e3b-f04e-45a3-bb38-59537a15cdee,931341884368480,brooklyn,brooklyn
20231124_232912,30a81e3b-f04e-45a3-bb38-59537a15cdee,641263301220398,staten_island,queens
20231124_232914,30a81e3b-f04e-45a3-bb38-59537a15cdee,3619940491441380,queens,queens
20231124_232915,30a81e3b-f04e-45a3-bb38-59537a15cdee,884042172464817,bronx,queens
20231124_232918,30a81e3b-f04e-45a3-bb38-59537a15cdee,334492001437259,bronx,queens
20231124_232921,30a81e3b-f04e-45a3-bb38-59537a15cdee,172445631464697,queens,queens
20231124_232923,30a81e3b-f04e-45a3-bb38-59537a15cdee,185592663448051,queens,brooklyn
20231124_232926,30a81e3b-f04e-45a3-bb38-59537a15cdee,626626412619367,queens,brooklyn
20231124_232928,30a81e3b-f04e-45a3-bb38-59537a15cdee,839084196530499,queens,brooklyn
20231124_232931,30a81e3b-f04e-45a3-bb38-59537a15cdee,105152873470317,staten_island,staten_island
20231124_232934,30a81e3b-f04e-45a3-bb38-59537a15cdee,367736071342547,queens,queens
20231124_232937,30a81e3b-f04e-45a3-bb38-59537a15cdee,949792652441218,queens,brooklyn
20231124_232941,30a81e3b-f04e-45a3-bb38-59537a15cdee,586357903944361,staten_island,staten_island
20231124_232943,30a81e3b-f04e-45a3-bb38-59537a15cdee,805385702688700,bronx,brooklyn
20231124_232946,30a81e3b-f04e-45a3-bb38-59537a15cdee,349847950941974,staten_island,queens
20231124_232949,30a81e3b-f04e-45a3-bb38-59537a15cdee,2979649125612400,queens,queens
20231124_232951,30a81e3b-f04e-45a3-bb38-59537a15cdee,322704089272405,brooklyn,queens
20231124_232956,30a81e3b-f04e-45a3-bb38-59537a15cdee,76968312034546,brooklyn,brooklyn
20231124_232959,30a81e3b-f04e-45a3-bb38-59537a15cdee,523740021209964,queens,staten_island
20231124_233001,30a81e3b-f04e-45a3-bb38-59537a15cdee,99726727313808,bronx,staten_island
20231124_233003,30a81e3b-f04e-45a3-bb38-59537a15cdee,192958272557995,queens,staten_island
20231124_233007,30a81e3b-f04e-45a3-bb38-59537a15cdee,278335987331247,brooklyn,brooklyn
20231124_233010,30a81e3b-f04e-45a3-bb38-59537a15cdee,3568377926597383,bronx,brooklyn
20231124_233013,30a81e3b-f04e-45a3-bb38-59537a15cdee,487161516046923,staten_island,brooklyn
20231124_233014,30a81e3b-f04e-45a3-bb38-59537a15cdee,276162287881780,staten_island,queens
20231124_233016,30a81e3b-f04e-45a3-bb38-59537a15cdee,589892919387036,bronx,queens
20231124_233017,30a81e3b-f04e-45a3-bb38-59537a15cdee,652641556078263,queens,queens
20231124_233019,30a81e3b-f04e-45a3-bb38-59537a15cdee,770696740306907,manhattan,queens
20231124_233021,30a81e3b-f04e-45a3-bb38-59537a15cdee,2562253207403480,queens,queens
20231124_233022,30a81e3b-f04e-45a3-bb38-59537a15cdee,465521624751990,brooklyn,queens
20231124_233024,30a81e3b-f04e-45a3-bb38-59537a15cdee,1021255475075431,queens,queens
20231124_233027,30a81e3b-f04e-45a3-bb38-59537a15cdee,4773856459296783,manhattan,manhattan
20231124_233029,30a81e3b-f04e-45a3-bb38-59537a15cdee,193708498098531,queens,bronx
20231124_233031,30a81e3b-f04e-45a3-bb38-59537a15cdee,840472896560596,staten_island,bronx
20231124_233033,30a81e3b-f04e-45a3-bb38-59537a15cdee,492761642526950,brooklyn,brooklyn
20231124_233035,30a81e3b-f04e-45a3-bb38-59537a15cdee,603924493013515,manhattan,bronx
20231125_014814,708da110-776d-4fef-aa37-178fa9f47b62,586736470058057,brooklyn,brooklyn
20231125_014825,708da110-776d-4fef-aa37-178fa9f47b62,454757807745430,queens,staten_island
20231125_014839,708da110-776d-4fef-aa37-178fa9f47b62,2832051277064843,queens,bronx
20231125_014855,708da110-776d-4fef-aa37-178fa9f47b62,830923537054933,queens,bronx
20231125_014857,708da110-776d-4fef-aa37-178fa9f47b62,316300996140627,bronx,bronx
20231125_022737,d915b00c-f42d-470c-9633-917f20117af7,305671397796315,staten_island,staten_island
20231125_022812,d915b00c-f42d-470c-9633-917f20117af7,825109888107243,bronx,manhattan
20231125_022847,d915b00c-f42d-470c-9633-917f20117af7,195807199037199,queens,bronx
20231125_022907,d915b00c-f42d-470c-9633-917f20117af7,209156504354579,bronx,brooklyn
20231125_022920,d915b00c-f42d-470c-9633-917f20117af7,3757708674326410,queens,staten_island
20231125_022928,d915b00c-f42d-470c-9633-917f20117af7,2913257045654366,manhattan,manhattan
20231125_022932,d915b00c-f42d-470c-9633-917f20117af7,478987436442578,queens,manhattan
20231125_022935,d915b00c-f42d-470c-9633-917f20117af7,813516999586233,bronx,queens
20231125_022940,d915b00c-f42d-470c-9633-917f20117af7,115835966007189,bronx,brooklyn
20231125_022955,d915b00c-f42d-470c-9633-917f20117af7,4592625590765474,brooklyn,queens
20231125_023000,d915b00c-f42d-470c-9633-917f20117af7,1829739000521698,brooklyn,bronx
20231125_023003,d915b00c-f42d-470c-9633-917f20117af7,894554349828848,queens,queens
20231125_023008,d915b00c-f42d-470c-9633-917f20117af7,4186298018128676,queens,queens
20231125_023009,d915b00c-f42d-470c-9633-917f20117af7,3965047236913286,queens,queens
20231125_023010,d915b00c-f42d-470c-9633-917f20117af7,777641256447392,bronx,queens
20231125_023010,d915b00c-f42d-470c-9633-917f20117af7,638258424184128,queens,queens
20231125_023011,d915b00c-f42d-470c-9633-917f20117af7,592436200136482,staten_island,queens
20231125_023011,d915b00c-f42d-470c-9633-917f20117af7,4845838668776198,queens,queens
20231125_023011,d915b00c-f42d-470c-9633-917f20117af7,815382082294856,brooklyn,queens
20231125_023011,d915b00c-f42d-470c-9633-917f20117af7,907680626455268,queens,queens
20231125_023011,d915b00c-f42d-470c-9633-917f20117af7,979417781110892,brooklyn,queens
20231125_023011,d915b00c-f42d-470c-9633-917f20117af7,1683365361846915,brooklyn,queens
20231125_023012,d915b00c-f42d-470c-9633-917f20117af7,2773320512979080,brooklyn,queens
20231125_023012,d915b00c-f42d-470c-9633-917f20117af7,189538943006613,queens,queens
20231125_023012,d915b00c-f42d-470c-9633-917f20117af7,138035311651413,bronx,queens
20231125_023012,d915b00c-f42d-470c-9633-917f20117af7,170365708341427,queens,queens
20231125_023012,d915b00c-f42d-470c-9633-917f20117af7,93186447279046,brooklyn,queens
20231125_023013,d915b00c-f42d-470c-9633-917f20117af7,1391500417871992,queens,queens
20231125_023013,d915b00c-f42d-470c-9633-917f20117af7,2975163409472649,queens,queens
20231125_023013,d915b00c-f42d-470c-9633-917f20117af7,296609688375968,queens,queens
20231125_023013,d915b00c-f42d-470c-9633-917f20117af7,778125416406954,bronx,queens
20231125_023013,d915b00c-f42d-470c-9633-917f20117af7,503479154141892,queens,queens
20231125_023014,d915b00c-f42d-470c-9633-917f20117af7,2594603520847578,brooklyn,queens
20231125_023014,d915b00c-f42d-470c-9633-917f20117af7,488877502401500,manhattan,queens
20231125_023014,d915b00c-f42d-470c-9633-917f20117af7,181604538063601,manhattan,queens
20231125_023014,d915b00c-f42d-470c-9633-917f20117af7,113719864137386,staten_island,queens
20231125_023015,d915b00c-f42d-470c-9633-917f20117af7,1911060415727472,brooklyn,queens
20231125_023015,d915b00c-f42d-470c-9633-917f20117af7,974496718645320,staten_island,queens
20231125_023015,d915b00c-f42d-470c-9633-917f20117af7,460687807263968,manhattan,queens
20231125_023015,d915b00c-f42d-470c-9633-917f20117af7,489628995819498,queens,queens
20231125_023015,d915b00c-f42d-470c-9633-917f20117af7,824674233485396,manhattan,queens
20231125_023015,d915b00c-f42d-470c-9633-917f20117af7,176040934398788,bronx,queens
20231125_023016,d915b00c-f42d-470c-9633-917f20117af7,917376280478575,staten_island,queens
20231125_023016,d915b00c-f42d-470c-9633-917f20117af7,488136395733863,queens,queens
20231125_023016,d915b00c-f42d-470c-9633-917f20117af7,3998835583548451,staten_island,queens
20231125_023016,d915b00c-f42d-470c-9633-917f20117af7,921641030152228,queens,queens
20231125_023016,d915b00c-f42d-470c-9633-917f20117af7,291215355134414,queens,queens
20231125_023017,d915b00c-f42d-470c-9633-917f20117af7,102724139467853,staten_island,queens
20231125_023018,d915b00c-f42d-470c-9633-917f20117af7,2565081063797564,brooklyn,queens
20231125_023019,d915b00c-f42d-470c-9633-917f20117af7,529122487871564,manhattan,queens
20231125_143452,a4733a9e-e00e-4fc3-891a-35fdb798723a,541985886153547,bronx,bronx
20231125_143502,a4733a9e-e00e-4fc3-891a-35fdb798723a,2370574666409227,queens,manhattan
20231125_143524,a4733a9e-e00e-4fc3-891a-35fdb798723a,307664010209661,brooklyn,manhattan
20231125_143528,a4733a9e-e00e-4fc3-891a-35fdb798723a,284672845697936,brooklyn,queens
20231125_143535,a4733a9e-e00e-4fc3-891a-35fdb798723a,831574096562840,staten_island,brooklyn
20231125_143538,a4733a9e-e00e-4fc3-891a-35fdb798723a,4206605752710365,brooklyn,manhattan
20231125_143541,a4733a9e-e00e-4fc3-891a-35fdb798723a,741271793210610,manhattan,manhattan
20231125_220152,771c55be-fb5e-4217-80a5-1dae1fbdddbf,865277680992553,brooklyn,staten_island
20231125_220204,771c55be-fb5e-4217-80a5-1dae1fbdddbf,632294934832256,queens,staten_island
20231125_220221,771c55be-fb5e-4217-80a5-1dae1fbdddbf,897542987490566,queens,bronx
20231125_220230,771c55be-fb5e-4217-80a5-1dae1fbdddbf,218612915939415,brooklyn,manhattan
20231125_220235,771c55be-fb5e-4217-80a5-1dae1fbdddbf,350014320089786,staten_island,bronx
20231125_220239,771c55be-fb5e-4217-80a5-1dae1fbdddbf,194112212534767,staten_island,bronx
20231125_220241,771c55be-fb5e-4217-80a5-1dae1fbdddbf,544395556556322,queens,bronx
20231125_220245,771c55be-fb5e-4217-80a5-1dae1fbdddbf,292825282490601,brooklyn,brooklyn
20231125_220253,771c55be-fb5e-4217-80a5-1dae1fbdddbf,230900075479320,manhattan,manhattan
20231125_220258,771c55be-fb5e-4217-80a5-1dae1fbdddbf,1261825140882155,queens,queens
20231125_220301,771c55be-fb5e-4217-80a5-1dae1fbdddbf,42006292670497,manhattan,manhattan
20231125_220305,771c55be-fb5e-4217-80a5-1dae1fbdddbf,34921678998641,queens,brooklyn
20231125_220308,771c55be-fb5e-4217-80a5-1dae1fbdddbf,518778865786624,queens,bronx
20231125_220310,771c55be-fb5e-4217-80a5-1dae1fbdddbf,464172924649272,brooklyn,manhattan
20231125_220316,771c55be-fb5e-4217-80a5-1dae1fbdddbf,321883999286906,queens,staten_island
20231125_220320,771c55be-fb5e-4217-80a5-1dae1fbdddbf,482003322882409,manhattan,manhattan
20231125_220324,771c55be-fb5e-4217-80a5-1dae1fbdddbf,982687918674938,staten_island,bronx
20231125_220327,771c55be-fb5e-4217-80a5-1dae1fbdddbf,234661630103504,bronx,staten_island
20231126_164823,fc5d5d1a-26b9-465c-a8e1-ad64ab72afbb,427637446517958,queens,staten_island
20231126_164827,fc5d5d1a-26b9-465c-a8e1-ad64ab72afbb,448143637314298,staten_island,staten_island
20231126_164830,fc5d5d1a-26b9-465c-a8e1-ad64ab72afbb,1425391971163252,queens,queens
20231126_164833,fc5d5d1a-26b9-465c-a8e1-ad64ab72afbb,484039311105,staten_island,staten_island
20231126_164835,fc5d5d1a-26b9-465c-a8e1-ad64ab72afbb,1452328068436880,manhattan,manhattan
20231126_164837,fc5d5d1a-26b9-465c-a8e1-ad64ab72afbb,283292734250198,queens,bronx
20231126_164839,fc5d5d1a-26b9-465c-a8e1-ad64ab72afbb,543532395493545,queens,bronx
20231126_164846,fc5d5d1a-26b9-465c-a8e1-ad64ab72afbb,1940622106102270,bronx,queens
20231126_164850,fc5d5d1a-26b9-465c-a8e1-ad64ab72afbb,2868723886724497,manhattan,manhattan
20231126_164856,fc5d5d1a-26b9-465c-a8e1-ad64ab72afbb,318245757874409,queens,queens
20231126_164859,fc5d5d1a-26b9-465c-a8e1-ad64ab72afbb,133055540040790,brooklyn,manhattan
20231126_164902,fc5d5d1a-26b9-465c-a8e1-ad64ab72afbb,3009866889257931,queens,queens